ACC_X,ACC_Y,ACC_Z,G_X,G_Y,G_Z,Unix Time
0.200439453125, -0.975830078125, -0.153076171875, -4.539062500000, 2.125000000000, -4.359375000000, 1490608801
0.200439453125, -0.975830078125, -0.153076171875, -4.539062500000, 2.125000000000, -4.359375000000, 1490608801
0.200439453125, -0.975830078125, -0.153076171875, -4.539062500000, 2.125000000000, -4.359375000000, 1490608801
0.200439453125, -0.975830078125, -0.153076171875, -4.539062500000, 2.125000000000, -4.359375000000, 1490608801
